{"C000880":{"required_actions":[{"maxlength":null,"value":"$NAME_FIRST","options_hash":null},{"maxlength":null,"value":"$NAME_LAST","options_hash":null},{"maxlength":null,"value":"$ADDRESS_STREET","options_hash":null},{"maxlength":null,"value":"$ADDRESS_CITY","options_hash":null},{"maxlength":null,"value":"$ADDRESS_ZIP5","options_hash":null},{"maxlength":null,"value":"$EMAIL","options_hash":null},{"maxlength":null,"value":"$SUBJECT","options_hash":null},{"maxlength":null,"value":"$MESSAGE","options_hash":null},{"maxlength":null,"value":"$NAME_PREFIX","options_hash":{" Mr. ":"Mr."," Mrs. ":"Mrs."," Ms. ":"Ms."," Mr. and Mrs. ":"Mr. and Mrs."," MSgt ":"MSgt"," Dr. ":"Dr."," Reverend ":"Reverend"," Sister ":"Sister"," Pastor ":"Pastor"," The Honorable ":"The Honorable"," Representative ":"Representative"," Senator ":"Senator"}},{"maxlength":null,"value":"$ADDRESS_STATE_POSTAL_ABBREV","options_hash":"US_STATES_AND_TERRITORIES"},{"maxlength":null,"value":"$TOPIC","options_hash":{"Agriculture":"AG","Banking & Credit":"BN","Budget & Taxes":"BU","Business, Commerce & Labor":"CM","Congress":"CG","Federal & Postal Employees":"CS","Education, Science & Technology":"ED","Energy":"EN","Environment, Nat. Resources & Wildlife":"EV","Foreign Affairs":"FA","Health Care & Social Issues":"HC","Homeland Security & Immigration":"HS","Judiciary & Crime":"JU","Native Americans":"NA","Medicaid/Medicare & Welfare":"MD","Seniors & Social Security":"SS","Telecomm. & Transportation":"TC","*Other*":"CWM1"}}]},"A000360":{"required_actions":[{"maxlength":null,"value":"$NAME_FIRST","options_hash":null},{"maxlength":null,"value":"$NAME_LAST","options_hash":null},{"maxlength":null,"value":"$ADDRESS_STREET","options_hash":null},{"maxlength":null,"value":"$ADDRESS_CITY","options_hash":null},{"maxlength":null,"value":"$ADDRESS_ZIP5","options_hash":null},{"maxlength":null,"value":"$EMAIL","options_hash":null},{"maxlength":null,"value":"$MESSAGE","options_hash":null},{"maxlength":null,"value":"$ADDRESS_STATE","options_hash":["AK","AL","AR","AZ","CA","CO","CT","DC","DE","FL","GA","HI","IA","ID","IL","IN","KS","KY","LA","MA","MD","ME","MI","MN","MO","MS","MT","NC","ND","NE","NH","NJ","NM","NV","NY","OH","OK","OR","PA","RI","SC","SD","Tennessee","TX","UT","VA","VT","WA","WI","WV","WY","AS","GU","MP","PR","VI","UM","FM","MH","PW","AA","AE","AP"]},{"maxlength":null,"value":"$TOPIC","options_hash":["Abortion","Agriculture","Animal_Rights","Banking","Budget","Casework","Civil_Rights","Defense","Economy","Education","Energy","Environment","Foreign_Affairs","Guns_Firearms","Health_Care","Homeland_Security","Immigration","Information_Technology","Labor","National_Parks","Postal_Service","Small_Business","Social_Security","Taxes","Trade","Transportation","Veterans","Welfare","Special_Requests"]}]}}
