entity,coupled,degree,average-revs
app/views/devise/confirmations/new.html.erb,app/views/devise/passwords/new.html.erb,90,6
app/views/devise/confirmations/new.html.erb,app/views/devise/unlocks/new.html.erb,85,7
app/views/admin/events/_action_page_events.html.erb,app/views/admin/events/_events.html.erb,80,10
app/views/devise/passwords/new.html.erb,app/views/devise/unlocks/new.html.erb,76,7
Gemfile,Gemfile.lock,70,50
app/controllers/congress_messages_controller.rb,spec/requests/congress_messages_spec.rb,61,26
app/controllers/admin/events_controller.rb,app/models/ahoy/event.rb,60,22
app/models/congress_message.rb,spec/requests/congress_messages_spec.rb,58,17
app/views/admin/action_pages/events.html.erb,app/views/admin/events/index.html.erb,58,9
lib/action_cloner.rb,spec/lib/action_cloner_spec.rb,57,14
lib/congress_forms.rb,spec/lib/congress_forms_spec.rb,50,16
features/action_page/congress_message.feature,features/step_definitions/action_page_steps.rb,50,10
app/controllers/congress_messages_controller.rb,app/models/congress_message.rb,48,25
app/controllers/admin/events_controller.rb,app/views/admin/events/table.html.erb,46,15
spec/lib/congress_forms_spec.rb,spec/requests/congress_messages_spec.rb,46,15
config/locales/en.yml,config/locales/es.yml,45,11
app/views/admin/action_pages/homepage.html.erb,app/views/admin/action_pages/index.html.erb,45,11
app/views/tools/_email.html.erb,app/views/tools/_petition.html.erb,42,24
app/controllers/admin/events_controller.rb,spec/requests/admin/events_spec.rb,42,19
app/views/tools/_call.html.erb,app/views/tools/_email.html.erb,38,24
app/assets/stylesheets/admin.scss,app/assets/stylesheets/admin/mixins.scss,38,16
lib/congress_forms.rb,spec/requests/congress_messages_spec.rb,36,19
app/views/tools/_email_signup_radios.html.erb,app/views/tools/_newsletter_signup.html.erb,35,14
app/models/congress_message.rb,spec/lib/congress_forms_spec.rb,35,14
app/assets/javascripts/admin/action_pages.js,app/assets/stylesheets/admin/action_pages.scss,34,18
app/helpers/congress_message_helper.rb,spec/requests/congress_messages_spec.rb,34,18
app/models/ahoy/event.rb,app/views/admin/events/table.html.erb,34,15
app/assets/stylesheets/welcome.scss,app/views/welcome/index.html.erb,33,42
app/models/congress_message.rb,lib/congress_forms.rb,33,18
app/controllers/admin/events_controller.rb,app/controllers/concerns/date_range.rb,33,15
app/models/ahoy/event.rb,spec/requests/admin/events_spec.rb,32,19
app/assets/stylesheets/admin.scss,app/assets/stylesheets/admin/action_pages.scss,32,19
app/controllers/congress_messages_controller.rb,app/helpers/congress_message_helper.rb,31,26
app/views/congress_messages/_form.html.erb,spec/requests/congress_messages_spec.rb,31,22
app/controllers/admin/events_controller.rb,app/views/admin/action_pages/events.html.erb,31,16
app/controllers/congress_messages_controller.rb,app/views/congress_messages/_form.html.erb,30,30
app/controllers/congress_messages_controller.rb,lib/congress_forms.rb,29,27
config/locales/en.yml,spec/requests/congress_messages_spec.rb,29,17
app/assets/javascripts/admin.js,app/assets/stylesheets/admin.scss,28,29
app/views/tools/_call.html.erb,app/views/tools/_petition.html.erb,28,28
app/controllers/action_page_controller.rb,app/helpers/congress_message_helper.rb,28,21
app/models/action_page.rb,spec/models/action_page_spec.rb,27,19
app/helpers/congress_message_helper.rb,lib/congress_forms.rb,27,19
app/assets/javascripts/application/tools/congress_message.js,app/views/tools/_congress_message.html.erb,26,50
app/assets/stylesheets/application/_nav.scss,app/views/layouts/application.html.erb,26,41
app/assets/javascripts/application/tools/call.js,app/views/tools/_call.html.erb,26,23
app/views/tools/_email.html.erb,app/views/tools/_newsletter_signup.html.erb,26,19
app/models/action_page.rb,db/schema.rb,25,27
app/helpers/congress_message_helper.rb,app/views/congress_messages/_form.html.erb,23,22
app/models/congress_message.rb,app/views/congress_messages/_form.html.erb,23,21
app/assets/stylesheets/action_page.css.scss,app/views/tools/_newsletter_signup.html.erb,23,21
app/views/admin/action_pages/_panel_analytics.html.erb,config/routes.rb,23,21
app/controllers/admin/action_pages_controller.rb,config/routes.rb,22,54
app/assets/javascripts/application/tools/congress_message.js,app/views/congress_messages/_form.html.erb,22,44
app/assets/javascripts/admin.js,app/views/admin/action_pages/_panel_action_pages.html.erb,22,22
app/controllers/admin/action_pages_controller.rb,app/models/action_page.rb,21,52
app/views/tools/_newsletter_signup.html.erb,app/views/tools/_petition.html.erb,21,24
app/views/tools/_call.html.erb,app/views/tools/_newsletter_signup.html.erb,21,24
app/controllers/congress_messages_controller.rb,spec/lib/congress_forms_spec.rb,21,23
app/views/congress_messages/_form.html.erb,lib/congress_forms.rb,21,23
app/assets/javascripts/admin.js,app/controllers/admin/action_pages_controller.rb,20,53
app/views/tools/_call.html.erb,app/views/tools/_tweet.html.erb,20,30
app/views/action_page/index.html.erb,app/views/action_page/show.html.erb,20,25
app/controllers/congress_messages_controller.rb,config/locales/en.yml,20,25
app/assets/stylesheets/action_page.scss,app/views/action_page/show.html.erb,18,81
app/assets/stylesheets/admin.scss,app/controllers/admin/action_pages_controller.rb,18,49
app/controllers/admin/action_pages_controller.rb,app/controllers/admin/events_controller.rb,18,48
app/views/congress_messages/_form.html.erb,app/views/tools/_congress_message.html.erb,18,33
app/assets/stylesheets/action_page.css.scss,app/views/tools/_tweet.html.erb,18,27
app/views/tools/_congress_message.html.erb,app/views/tools/_container.html.erb,18,27
app/views/tools/_call.html.erb,app/views/tools/_congress_message.html.erb,17,34
config/routes.rb,db/schema.rb,17,29
app/views/tools/_congress_message.html.erb,app/views/tools/_email.html.erb,17,29
app/assets/stylesheets/application/_base.scss,app/assets/stylesheets/welcome.scss,16,56
app/assets/stylesheets/application/_forms.scss,app/views/welcome/index.html.erb,16,36
app/controllers/admin/action_pages_controller.rb,db/schema.rb,14,48
app/assets/stylesheets/application/_base.scss,app/views/welcome/index.html.erb,14,43
app/controllers/admin/action_pages_controller.rb,app/views/admin/action_pages/events.html.erb,14,42
app/controllers/admin/action_pages_controller.rb,app/controllers/concerns/date_range.rb,14,41
app/views/tools/_congress_message.html.erb,app/views/tools/_petition.html.erb,14,34
app/assets/stylesheets/application/_base.scss,app/assets/stylesheets/application/_variables.scss,14,34
app/assets/stylesheets/action_page.scss,app/assets/stylesheets/application/_base.scss,13,90
app/controllers/admin/action_pages_controller.rb,app/models/congress_message_campaign.rb,13,43
app/assets/stylesheets/application/_mixins.scss,app/assets/stylesheets/welcome.scss,13,38
app/assets/javascripts/application/tools/congress_message.js,app/views/tools/_container.html.erb,13,38
app/assets/stylesheets/application/_base.scss,app/assets/stylesheets/application/_forms.scss,12,50
app/controllers/admin/action_pages_controller.rb,app/models/ahoy/event.rb,12,47
app/controllers/admin/action_pages_controller.rb,app/views/admin/action_pages/_panel_analytics.html.erb,12,41
app/assets/stylesheets/action_page.scss,app/views/tools/_congress_message.html.erb,11,81
app/assets/stylesheets/application/_base.scss,app/assets/stylesheets/application/_nav.scss,11,53
app/controllers/admin/action_pages_controller.rb,app/views/admin/action_pages/index.html.erb,11,44
app/assets/stylesheets/users.scss,app/assets/stylesheets/welcome.scss,11,44
app/assets/stylesheets/admin/action_pages.scss,app/controllers/admin/action_pages_controller.rb,11,43
app/controllers/admin/action_pages_controller.rb,app/views/admin/action_pages/_panel_action_pages.html.erb,11,43
app/assets/stylesheets/application/_forms.scss,app/assets/stylesheets/welcome.scss,10,49
app/assets/javascripts/admin/action_pages.js,app/controllers/admin/action_pages_controller.rb,10,48
