entity,coupled,degree,average-revs
app/views/devise/confirmations/new.html.erb,app/views/devise/passwords/new.html.erb,90,6
app/views/devise/confirmations/new.html.erb,app/views/devise/unlocks/new.html.erb,85,7
app/views/admin/events/_action_page_events.html.erb,app/views/admin/events/_events.html.erb,80,10
app/views/devise/passwords/new.html.erb,app/views/devise/unlocks/new.html.erb,76,7
Gemfile,Gemfile.lock,73,74
config/locales/en.yml,config/locales/es.yml,62,18
app/controllers/congress_messages_controller.rb,spec/requests/congress_messages_spec.rb,61,26
app/controllers/admin/events_controller.rb,app/models/ahoy/event.rb,59,22
app/models/congress_message.rb,spec/requests/congress_messages_spec.rb,58,17
app/views/admin/action_pages/events.html.erb,app/views/admin/events/index.html.erb,58,9
lib/action_cloner.rb,spec/lib/action_cloner_spec.rb,57,14
app/controllers/admin/institutions_controller.rb,app/models/institution.rb,55,15
app/controllers/admin/institutions_controller.rb,app/views/admin/institutions/index.html.erb,54,11
app/controllers/admin/petitions_controller.rb,app/views/admin/petitions/show.html.erb,52,10
lib/congress_forms.rb,spec/lib/congress_forms_spec.rb,50,16
app/controllers/congress_messages_controller.rb,app/models/congress_message.rb,48,25
app/controllers/admin/events_controller.rb,app/views/admin/events/table.html.erb,46,15
spec/lib/congress_forms_spec.rb,spec/requests/congress_messages_spec.rb,46,15
app/controllers/admin/institutions_controller.rb,spec/controllers/admin/institutions_controller_spec.rb,46,13
app/controllers/registrations_controller.rb,features/users/register.feature,43,12
app/views/admin/action_pages/homepage.html.erb,app/views/admin/action_pages/index.html.erb,43,12
app/controllers/admin/events_controller.rb,spec/requests/admin/events_spec.rb,42,19
docker-compose.yml.example,docker/entrypoint.sh,42,19
features/action_page/petition.feature,features/step_definitions/action_page_steps.rb,40,13
app/views/tools/_email.html.erb,app/views/tools/_petition.html.erb,38,36
app/assets/stylesheets/admin.scss,app/assets/stylesheets/admin/mixins.scss,38,16
app/models/user.rb,spec/models/user_spec.rb,36,19
lib/congress_forms.rb,spec/requests/congress_messages_spec.rb,36,19
app/views/tools/_email_signup_radios.html.erb,app/views/tools/_newsletter_signup.html.erb,35,14
app/models/congress_message.rb,spec/lib/congress_forms_spec.rb,35,14
app/controllers/application_controller.rb,app/controllers/sessions_controller.rb,35,14
app/assets/javascripts/admin/action_pages.js,app/assets/stylesheets/admin/action_pages.scss,34,18
app/helpers/congress_message_helper.rb,spec/requests/congress_messages_spec.rb,34,18
app/assets/stylesheets/welcome.scss,app/views/welcome/index.html.erb,33,42
app/models/congress_message.rb,lib/congress_forms.rb,33,18
app/controllers/admin/events_controller.rb,app/controllers/concerns/date_range.rb,33,15
app/models/ahoy/event.rb,app/views/admin/events/table.html.erb,33,15
app/controllers/action_page_controller.rb,spec/controllers/action_page_controller_spec.rb,32,37
app/assets/stylesheets/admin.scss,app/assets/stylesheets/admin/action_pages.scss,32,19
features/action_page/congress_message.feature,features/step_definitions/action_page_steps.rb,32,16
app/views/tools/_call.html.erb,app/views/tools/_email.html.erb,31,32
app/controllers/congress_messages_controller.rb,app/helpers/congress_message_helper.rb,31,26
app/views/congress_messages/_form.html.erb,spec/requests/congress_messages_spec.rb,31,22
app/models/ahoy/event.rb,spec/requests/admin/events_spec.rb,31,19
app/controllers/admin/events_controller.rb,app/views/admin/action_pages/events.html.erb,31,16
app/controllers/congress_messages_controller.rb,app/views/congress_messages/_form.html.erb,30,30
app/controllers/congress_messages_controller.rb,lib/congress_forms.rb,29,27
app/assets/javascripts/application/tools/email.js.erb,app/views/tools/_email.html.erb,27,22
app/helpers/congress_message_helper.rb,lib/congress_forms.rb,27,19
app/assets/javascripts/application/tools/congress_message.js,app/views/tools/_congress_message.html.erb,26,50
app/models/action_page.rb,db/schema.rb,26,45
app/assets/stylesheets/application/_nav.scss,app/views/layouts/application.html.erb,26,41
features/step_definitions/user_steps.rb,features/support/env.rb,25,36
Dockerfile,docker/entrypoint.sh,25,28
config/locales/en.yml,spec/requests/congress_messages_spec.rb,24,21
app/controllers/admin/action_pages_controller.rb,app/models/action_page.rb,23,67
app/models/action_page.rb,spec/models/action_page_spec.rb,23,30
app/assets/javascripts/application/tools/call.js,app/views/tools/_call.html.erb,23,30
app/helpers/congress_message_helper.rb,app/views/congress_messages/_form.html.erb,23,22
app/models/congress_message.rb,app/views/congress_messages/_form.html.erb,23,21
app/assets/javascripts/application/tools/congress_message.js,app/views/congress_messages/_form.html.erb,22,44
app/assets/javascripts/admin.js,app/assets/stylesheets/admin.scss,22,36
app/views/tools/_email.html.erb,app/views/tools/_newsletter_signup.html.erb,22,23
app/assets/stylesheets/action_page.css.scss,config/locales/es.yml,22,22
.travis.yml,README.md,22,22
app/controllers/tools_controller.rb,spec/controllers/tools_controller_spec.rb,21,29
app/models/institution.rb,db/schema.rb,21,28
app/controllers/congress_messages_controller.rb,spec/lib/congress_forms_spec.rb,21,23
app/views/congress_messages/_form.html.erb,lib/congress_forms.rb,21,23
app/controllers/admin/action_pages_controller.rb,config/routes.rb,20,69
app/views/tools/_call.html.erb,app/views/tools/_tweet.html.erb,20,35
app/views/tools/_call.html.erb,app/views/tools/_petition.html.erb,19,42
app/assets/javascripts/application/tools/email.js.erb,app/controllers/tools_controller.rb,19,32
features/step_definitions/user_steps.rb,features/users/promoted_users_lose_password.feature,19,26
app/assets/stylesheets/action_page.css.scss,app/views/tools/_newsletter_signup.html.erb,19,26
app/views/congress_messages/_form.html.erb,app/views/tools/_congress_message.html.erb,18,33
Dockerfile,docker-compose.yml.example,18,28
app/assets/stylesheets/action_page.css.scss,config/locales/en.yml,18,28
features/step_definitions/user_steps.rb,features/users/change_email.feature,18,27
app/views/tools/_congress_message.html.erb,app/views/tools/_container.html.erb,18,27
app/assets/stylesheets/action_page.scss,app/views/action_page/show.html.erb,17,84
app/controllers/admin/action_pages_controller.rb,db/schema.rb,17,64
config/routes.rb,db/schema.rb,17,47
app/models/user.rb,features/step_definitions/user_steps.rb,17,35
app/assets/javascripts/admin.js,app/views/admin/action_pages/_panel_action_pages.html.erb,17,29
app/controllers/congress_messages_controller.rb,config/locales/en.yml,17,29
app/views/action_page/index.html.erb,app/views/action_page/show.html.erb,17,28
app/views/tools/_call.html.erb,app/views/tools/_newsletter_signup.html.erb,17,28
app/assets/javascripts/admin.js,app/controllers/admin/action_pages_controller.rb,16,66
app/assets/stylesheets/application/_base.scss,app/assets/stylesheets/welcome.scss,16,56
app/assets/stylesheets/admin.scss,app/controllers/admin/action_pages_controller.rb,16,56
app/controllers/admin/action_pages_controller.rb,app/controllers/admin/events_controller.rb,16,54
app/controllers/action_page_controller.rb,app/helpers/congress_message_helper.rb,16,37
app/assets/stylesheets/application/_forms.scss,app/views/welcome/index.html.erb,16,36
app/views/admin/action_pages/_panel_settings.html.erb,db/schema.rb,16,31
app/controllers/tools_controller.rb,spec/factories/action_page.rb,16,31
features/step_definitions/user_steps.rb,spec/models/user_spec.rb,16,30
app/views/tools/_email.html.erb,app/views/tools/_tweet.html.erb,16,30
app/views/admin/action_pages/_panel_analytics.html.erb,config/routes.rb,16,30
app/controllers/action_page_controller.rb,app/models/action_page.rb,15,52
app/assets/stylesheets/action_page.css.scss,app/views/tools/_petition.html.erb,15,39
app/views/tools/_call.html.erb,app/views/tools/_congress_message.html.erb,15,38
app/controllers/action_page_controller.rb,app/views/affiliations/_affiliation_fields.html.erb,15,33
app/assets/stylesheets/action_page.css.scss,app/views/tools/_tweet.html.erb,15,33
app/views/tools/_newsletter_signup.html.erb,app/views/tools/_petition.html.erb,15,33
app/views/tools/_congress_message.html.erb,app/views/tools/_email.html.erb,15,33
app/assets/javascripts/application/tools/petition.js,app/views/tools/_petition.html.erb,15,33
app/controllers/admin/action_pages_controller.rb,app/views/admin/action_pages/_panel_settings.html.erb,14,54
app/assets/stylesheets/application/_base.scss,app/views/welcome/index.html.erb,14,43
app/assets/stylesheets/action_page.css.scss,app/views/tools/_call.html.erb,14,35
app/assets/stylesheets/application/_base.scss,app/assets/stylesheets/application/_variables.scss,14,34
app/controllers/admin/institutions_controller.rb,config/routes.rb,14,34
app/assets/stylesheets/action_page.scss,app/assets/stylesheets/application/_base.scss,13,90
Gemfile,features/support/env.rb,13,44
app/assets/stylesheets/application/_mixins.scss,app/assets/stylesheets/welcome.scss,13,38
app/assets/javascripts/application/tools/congress_message.js,app/views/tools/_container.html.erb,13,38
app/controllers/action_page_controller.rb,config/routes.rb,12,54
app/assets/stylesheets/application/_base.scss,app/assets/stylesheets/application/_forms.scss,12,50
app/controllers/admin/action_pages_controller.rb,app/models/congress_message_campaign.rb,12,50
app/controllers/admin/action_pages_controller.rb,app/views/admin/action_pages/events.html.erb,12,48
app/controllers/admin/action_pages_controller.rb,app/controllers/concerns/date_range.rb,12,47
app/assets/stylesheets/action_page.scss,app/views/tools/_congress_message.html.erb,11,81
Gemfile,app/assets/javascripts/admin.js,11,54
app/controllers/admin/action_pages_controller.rb,app/models/ahoy/event.rb,11,54
app/assets/stylesheets/application/_base.scss,app/assets/stylesheets/application/_nav.scss,11,53
app/controllers/action_page_controller.rb,app/controllers/tools_controller.rb,11,51
app/controllers/action_page_controller.rb,app/views/tools/_petition.html.erb,11,51
app/assets/stylesheets/users.scss,app/assets/stylesheets/welcome.scss,11,44
app/views/tools/_congress_message.html.erb,app/views/tools/_petition.html.erb,11,43
app/controllers/action_page_controller.rb,app/views/action_page/show.html.erb,10,50
app/assets/stylesheets/admin/action_pages.scss,app/controllers/admin/action_pages_controller.rb,10,49
app/assets/stylesheets/application/_forms.scss,app/assets/stylesheets/welcome.scss,10,49
app/controllers/admin/action_pages_controller.rb,app/views/admin/action_pages/_panel_action_pages.html.erb,10,49
app/controllers/tools_controller.rb,config/routes.rb,10,49
Dockerfile,Gemfile,10,49
app/assets/javascripts/admin.js,config/routes.rb,10,49
app/controllers/admin/action_pages_controller.rb,app/views/admin/action_pages/_panel_analytics.html.erb,10,47
